{"skeleton":{"hash":"ynGeJMDL2Jobqjqp6w3Ox2BoB+0","spine":"3.8.75","x":6.85,"y":-219.99,"width":743.44,"height":1000,"images":"","audio":""},"bones":[{"name":"root"},{"name":"bone","parent":"root","length":1002.32,"rotation":30.82,"x":-0.81,"y":2.89},{"name":"bone2","parent":"bone","x":459.81,"y":80.84}],"slots":[{"name":"8c66e0a013c79ba3","bone":"bone","attachment":"8c66e0a013c79ba3"},{"name":"489382b9c1f751a1","bone":"bone2","attachment":"489382b9c1f751a1"}],"skins":[{"name":"default","attachments":{"8c66e0a013c79ba3":{"8c66e0a013c79ba3":{"type":"mesh","uvs":[1,1,0.79312,1,0.57435,1,0,1,0,0,0.58221,0,0.78788,0,1,0],"triangles":[2,3,4,5,2,4,1,6,7,5,6,1,2,5,1,1,7,0],"vertices":[530.87,-576.2,311.35,-445.25,366.32,-478.04,-107.6,-195.33,404.7,663.47,885.37,376.74,819.16,416.24,1043.17,282.61],"hull":8,"edges":[6,8,0,14,4,6,8,10,4,10,10,12,12,14,0,2,2,4,12,2],"width":1000,"height":1000}},"489382b9c1f751a1":{"489382b9c1f751a1":{"x":6.61,"y":0.14,"scaleX":0.41,"scaleY":0.405,"rotation":-30.82,"width":1000,"height":1000}}}}],"animations":{"end":{"bones":{"bone":{"scale":[{},{"time":0.0333,"x":0.989,"y":0.989},{"time":0.0667,"x":0.957,"y":0.957},{"time":0.1,"x":0.898,"y":0.898},{"time":0.1333,"x":0.798,"y":0.798},{"time":0.1667,"x":0.613,"y":0.613},{"time":0.2,"x":0.338,"y":0.338},{"time":0.2333,"x":0.158,"y":0.158},{"time":0.2667,"x":0.043,"y":0.043},{"time":0.3,"x":0.007,"y":0.007},{"time":0.3333,"x":0,"y":0}]}}},"loop":{},"start":{"bones":{"bone":{"scale":[{"x":0,"y":0},{"time":0.0333,"x":0.024,"y":0.024},{"time":0.0667,"x":0.154,"y":0.154},{"time":0.1,"x":0.48,"y":0.48},{"time":0.1333,"x":0.754,"y":0.754},{"time":0.1667,"x":0.894,"y":0.894},{"time":0.2,"x":0.957,"y":0.957},{"time":0.2333,"x":0.983,"y":0.983},{"time":0.2667,"x":0.995,"y":0.995},{"time":0.3,"x":0.999,"y":0.999},{"time":0.3333}]}}}}}